DROP TABLE IF EXISTS CUSTOMERS;
DROP TABLE IF EXISTS ORDERS;
DROP TABLE IF EXISTS PUBLISHER;
DROP TABLE IF EXISTS AUTHOR;
DROP TABLE IF EXISTS BOOKS;
DROP TABLE IF EXISTS ORDERITEMS;
DROP TABLE IF EXISTS BOOKAUTHOR;
DROP TABLE IF EXISTS PROMOTION;

CREATE TABLE Customers (
    CustomerId INTEGER PRIMARY KEY,
    LastName VARCHAR(10),
    FirstName VARCHAR(10),
    Address VARCHAR(20),
    City VARCHAR(12),
    State VARCHAR(2),
    Zip VARCHAR(5),
    Referred INTEGER
);

INSERT INTO Customers (CustomerId, LastName, FirstName, Address, City, State, Zip, Referred) VALUES
(1001, 'MORALES', 'BONITA', 'P.O. BOX 651', 'EASTPOINT', 'FL', '32328', NULL),
(1002, 'THOMPSON', 'RYAN', 'P.O. BOX 9835', 'SANTA MONICA', 'CA', '90404', NULL),
(1003, 'SMITH', 'LEILA', 'P.O. BOX 66', 'TALLAHASSEE', 'FL', '32306', NULL),
(1004, 'PIERSON', 'THOMAS', '69821 SOUTH AVENUE', 'BOISE', 'ID', '83707', NULL),
(1005, 'GIRARD', 'CINDY', 'P.O. BOX 851', 'SEATTLE', 'WA', '98115', NULL),
(1006, 'CRUZ', 'MESHIA', '82 DIRT ROAD', 'ALBANY', 'NY', '12211', NULL),
(1007, 'GIANA', 'TAMMY', '9153 MAIN STREET', 'AUSTIN', 'TX', '78710', 1003),
(1008, 'JONES', 'KENNETH', 'P.O. BOX 137', 'CHEYENNE', 'WY', '82003', NULL),
(1009, 'PEREZ', 'JORGE', 'P.O. BOX 8564', 'BURBANK', 'CA', '91510', 1003),
(1010, 'LUCAS', 'JAKE', '114 EAST SAVANNAH', 'ATLANTA', 'GA', '30314', NULL),
(1011, 'MCGOVERN', 'REESE', 'P.O. BOX 18', 'CHICAGO', 'IL', '60606', NULL),
(1012, 'MCKENZIE', 'WILLIAM', 'P.O. BOX 971', 'BOSTON', 'MA', '02110', NULL),
(1013, 'NGUYEN', 'NICHOLAS', '357 WHITE EAGLE AVE.', 'CLERMONT', 'FL', '34711', 1006),
(1014, 'LEE', 'JASMINE', 'P.O. BOX 2947', 'CODY', 'WY', '82414', NULL),
(1015, 'SCHELL', 'STEVE', 'P.O. BOX 677', 'MIAMI', 'FL', '33111', NULL),
(1016, 'DAUM', 'MICHELL', '9851231 LONG ROAD', 'BURBANK', 'CA', '91508', 1010),
(1017, 'NELSON', 'BECCA', 'P.O. BOX 563', 'KALMAZOO', 'MI', '49006', NULL),
(1018, 'MONTIASA', 'GREG', '1008 GRAND AVENUE', 'MACON', 'GA', '31206', NULL),
(1019, 'SMITH', 'JENNIFER', 'P.O. BOX 1151', 'MORRISTOWN', 'NJ', '07962', 1003),
(1020, 'FALAH', 'KENNETH', 'P.O. BOX 335', 'TRENTON', 'NJ', '08607', NULL);

CREATE TABLE Orders (
    OrderId INTEGER PRIMARY KEY,
    CustomerId INTEGER,
    OrderDate DATE,
    ShipDate DATE,
    ShipStreet VARCHAR(18),
    ShipCity VARCHAR(15),
    ShipState VARCHAR(2),
    ShipZip VARCHAR(5)
);

INSERT INTO Orders (OrderId, CustomerId, OrderDate, ShipDate, ShipStreet, ShipCity, ShipState, ShipZip) VALUES
(1000, 1005, '2005-03-31', '2005-04-02', '1201 ORANGE AVE', 'SEATTLE', 'WA', '98114'),
(1001, 1010, '2005-03-31', '2005-04-01', '114 EAST SAVANNAH', 'ATLANTA', 'GA', '30314'),
(1002, 1011, '2005-03-31', '2005-04-01', '58 TILA CIRCLE', 'CHICAGO', 'IL', '60605'),
(1003, 1001, '2005-04-01', '2005-04-01', '958 MAGNOLIA LANE', 'EASTPOINT', 'FL', '32328'),
(1004, 1020, '2005-04-01', '2005-04-05', '561 ROUNDABOUT WAY', 'TRENTON', 'NJ', '08601'),
(1005, 1018, '2005-04-01', '2005-04-02', '1008 GRAND AVENUE', 'MACON', 'GA', '31206'),
(1006, 1003, '2005-04-01', '2005-04-02', '558A CAPITOL HWY.', 'TALLAHASSEE', 'FL', '32307'),
(1007, 1007, '2005-04-02', '2005-04-04', '9153 MAIN STREET', 'AUSTIN', 'TX', '78710'),
(1008, 1004, '2005-04-02', '2005-04-03', '69821 SOUTH AVENUE', 'BOISE', 'ID', '83707'),
(1009, 1005, '2005-04-03', '2005-04-05', '9 LIGHTENING RD.', 'SEATTLE', 'WA', '98110'),
(1010, 1019, '2005-04-03', '2005-04-04', '384 WRONG WAY HOME', 'MORRISTOWN', 'NJ', '07960'),
(1011, 1010, '2005-04-03', '2005-04-05', '102 WEST LAFAYETTE', 'ATLANTA', 'GA', '30311'),
(1012, 1017, '2005-04-03', NULL, '1295 WINDY AVENUE', 'KALMAZOO', 'MI', '49002'),
(1013, 1014, '2005-04-03', '2005-04-04', '7618 MOUNTAIN RD.', 'CODY', 'WY', '82414'),
(1014, 1007, '2005-04-04', '2005-04-05', '9153 MAIN STREET', 'AUSTIN', 'TX', '78710'),
(1015, 1020, '2005-04-04', NULL, '557 GLITTER ST.', 'TRENTON', 'NJ', '08606'),
(1016, 1003, '2005-04-04', NULL, '9901 SEMINOLE WAY', 'TALLAHASSEE', 'FL', '32307'),
(1017, 1015, '2005-04-04', '2005-04-05', '887 HOT ASPHALT ST', 'MIAMI', 'FL', '33112'),
(1018, 1001, '2005-04-05', NULL, '95812 HIGHWAY 98', 'EASTPOINT', 'FL', '32328'),
(1019, 1018, '2005-04-05', NULL, '1008 GRAND AVENUE', 'MACON', 'GA', '31206'),
(1020, 1008, '2005-04-05', NULL, '195 JAMISON LANE', 'CHEYENNE', 'WY', '82003');

CREATE TABLE Publisher (
    PubID INTEGER PRIMARY KEY,
    Name VARCHAR(23),
    Contact VARCHAR(15),
    Phone VARCHAR(12)
);

INSERT INTO Publisher (PubID, Name, Contact, Phone) VALUES
(1, 'PRINTING IS US', 'TOMMIE SEYMOUR', '000-714-8321'),
(2, 'PUBLISH OUR WAY', 'JANE TOMLIN', '010-410-0010'),
(3, 'AMERICAN PUBLISHING', 'DAVID DAVIDSON', '800-555-1211'),
(4, 'READING MATERIALS INC.', 'RENEE SMITH', '800-555-9743'),
(5, 'REED-N-RITE', 'SEBASTIAN JONES', '800-555-8284');

CREATE TABLE Author (
    AuthorID VARCHAR(4) PRIMARY KEY,
    Lname VARCHAR(10),
    Fname VARCHAR(10)
);

INSERT INTO Author (AuthorID, Lname, Fname) VALUES
('S100', 'SMITH', 'SAM'),
('J100', 'JONES', 'JANICE'),
('A100', 'AUSTIN', 'JAMES'),
('M100', 'MARTINEZ', 'SHEILA'),
('K100', 'KZOCHSKY', 'TAMARA'),
('P100', 'PORTER', 'LISA'),
('A105', 'ADAMS', 'JUAN'),
('B100', 'BAKER', 'JACK'), 
('P105', 'PETERSON', 'TINA'),
('W100', 'WHITE', 'WILLIAM'),
('W105', 'WHITE', 'LISA'),
('R100', 'ROBINSON', 'ROBERT'),
('F100', 'FIELDS', 'OSCAR'),
('W110', 'WILKINSON', 'ANTHONY');

CREATE TABLE Books (
    ISBN VARCHAR(10) PRIMARY KEY,
    Title VARCHAR(30),
    PubDate DATE,
    PubID INTEGER,
    Cost NUMERIC(5,2),
    Retail NUMERIC(5,2),
    Category VARCHAR(12)
);

INSERT INTO Books (ISBN, Title, PubDate, PubID, Cost, Retail, Category) VALUES
('1059831198', 'BODYBUILD IN 10 MINUTES A DAY', '2001-01-21', 4, 18.75, 30.95, 'FITNESS'),
('0401140733', 'REVENGE OF MICKEY', '2001-12-14', 1, 14.20, 22.00, 'FAMILY LIFE'),
('4981341710', 'BUILDING A CAR WITH TOOTHPICKS', '2002-03-18', 2, 37.80, 59.95, 'CHILDREN'),
('8843172113', 'DATABASE IMPLEMENTATION', '1999-06-04', 3, 31.40, 55.95, 'COMPUTER'),
('3437212490', 'COOKING WITH MUSHROOMS', '2000-02-28', 4, 12.50, 19.95, 'COOKING'),
('3957136468', 'HOLY GRAIL OF ORACLE', '2001-12-31', 3, 47.25, 75.95, 'COMPUTER'),
('1915762492', 'HANDCRANKED COMPUTERS', '2001-01-21', 3, 21.80, 25.00, 'COMPUTER'),
('9959789321', 'E-BUSINESS THE EASY WAY', '2002-03-01', 2, 37.90, 54.50, 'COMPUTER'),
('2491748320', 'PAINLESS CHILD-REARING', '2000-07-17', 5, 48.00, 89.95, 'FAMILY LIFE'),
('0299282519', 'THE WOK WAY TO COOK', '2000-09-11', 4, 19.00, 28.75, 'COOKING'),
('8117949391', 'BIG BEAR AND LITTLE DOVE', '2001-11-08', 5, 5.32, 8.95, 'CHILDREN'),
('0132149871', 'HOW TO GET FASTER PIZZA', '2002-11-11', 4, 17.85, 29.95, 'SELF HELP'),
('9247381001', 'HOW TO MANAGE THE MANAGER', '1999-05-09', 1, 15.40, 31.95, 'BUSINESS'),
('2147428890', 'SHORTEST POEMS', '2001-05-01', 5, 21.85, 39.95, 'LITERATURE');

CREATE TABLE OrderItems (
    OrderId INTEGER NOT NULL,
    ItemNo INTEGER NOT NULL,
    ISBN VARCHAR(10),
    Quantity INTEGER,
    PRIMARY KEY (OrderId, ItemNo)
);

INSERT INTO OrderItems (OrderId, ItemNo, ISBN, Quantity) VALUES
(1000, 1, '3437212490', 1), 
(1001, 1, '9247381001', 1), 
(1001, 2, '2491748320', 1), 
(1002, 1, '8843172113', 2), 
(1003, 1, '8843172113', 1), 
(1003, 2, '1059831198', 1),
(1003, 3, '3437212490', 1),
(1004, 1, '2491748320', 2),
(1005, 1, '2147428890', 1),
(1006, 1, '9959789321', 1),
(1007, 1, '3957136468', 3),
(1007, 2, '9959789321', 1),
(1007, 3, '8117949391', 1),
(1007, 4, '8843172113', 1),
(1008, 1, '3437212490', 2),
(1009, 1, '3437212490', 1),
(1009, 2, '0401140733', 1),
(1010, 1, '8843172113', 1),
(1011, 1, '2491748320', 1),
(1012, 1, '8117949391', 1),
(1012, 2, '1915762492', 2),
(1012, 3, '2491748320', 1),
(1012, 4, '0401140733', 1),
(1013, 1, '8843172113', 1),
(1014, 1, '0401140733', 2),
(1015, 1, '3437212490', 1),
(1016, 1, '2491748320', 1),
(1017, 1, '8117949391', 2),
(1018, 1, '3437212490', 1),
(1018, 2, '8843172113', 1),
(1019, 1, '0401140733', 1),
(1020, 1, '3437212490', 1);

CREATE TABLE BookAuthor (
    ISBN VARCHAR(10),
    AuthorId VARCHAR(4),
    PRIMARY KEY (ISBN, AuthorId)
);

INSERT INTO BookAuthor (ISBN, AuthorId) VALUES
('1059831198', 'S100'),
('1059831198', 'P100'),
('0401140733', 'J100'),
('4981341710', 'K100'),
('8843172113', 'P105'),
('8843172113', 'A100'),
('8843172113', 'A105'),
('3437212490', 'B100'),
('3957136468', 'A100'),
('1915762492', 'W100'),
('1915762492', 'W105'),
('9959789321', 'J100'),
('2491748320', 'R100'),
('2491748320', 'F100'),
('2491748320', 'B100'),
('0299282519', 'S100'),
('8117949391', 'R100'),
('0132149871', 'S100'),
('9247381001', 'W100'),
('2147428890', 'W105');

CREATE TABLE Promotion (
    Gift VARCHAR(15),
    MinRetail NUMERIC(5,2),
    MaxRetail NUMERIC(5,2)
);

INSERT INTO Promotion (Gift, MinRetail, MaxRetail) VALUES
('BOOKMARKER', 0, 12),
('BOOK LABELS', 12.01, 25),
('BOOK COVER', 25.01, 56),
('FREE SHIPPING', 56.01, 999.99);
